id	conversation_id	created_at	date	time	timezone	user_id	username	name	place	tweet	language	mentions	urls	photos	replies_count	retweets_count	likes_count	hashtags	cashtags	link	retweet	quote_url	video	thumbnail	near	geo	source	user_rt_id	user_rt	retweet_id	reply_to	retweet_date	translate	trans_src	trans_dest
1461337041480798212	1461337041480798212	2021-11-18 11:14:35 -03	2021-11-18	11:14:35	-0300	128372940	jairbolsonaro	Jair M. Bolsonaro		- Retornando para o Brasil. - Nossa live ser√° amanh√£, sexta-feira, √†s 19h.  https://t.co/Zt5WXI36ta	pt	[]	[]	['https://pbs.twimg.com/media/FEe2R8sUUAc8U-I.jpg']	736	1643	10762	[]	[]	https://twitter.com/jairbolsonaro/status/1461337041480798212	False		1	https://pbs.twimg.com/media/FEe2R8sUUAc8U-I.jpg							[]				
1461288330998411273	1461288330998411273	2021-11-18 08:01:02 -03	2021-11-18	08:01:02	-0300	128372940	jairbolsonaro	Jair M. Bolsonaro		- Em dezembro deste ano, o @minsaude lan√ßa o primeiro edital do programa  M√©dicos Pelo Brasil!   - 5 mil vagas para profissionais de todo o Brasil. Os m√©dicos selecionados ser√£o chamados para garantir assist√™ncia em locais onde o Brasil mais precisa. @dramayraoficial @govbr  https://t.co/EVXHZhD3YV	pt	[{'screen_name': 'minsaude', 'name': 'minist√©rio da sa√∫de', 'id': '37717107'}, {'screen_name': 'dramayraoficial', 'name': 'dra. mayra pinheiro', 'id': '1226874382938787841'}, {'screen_name': 'govbr', 'name': 'governo do brasil', 'id': '861707648584085504'}]	[]	[]	324	1863	8318	[]	[]	https://twitter.com/jairbolsonaro/status/1461288330998411273	False		1	https://pbs.twimg.com/ext_tw_video_thumb/1461288244448874500/pu/img/__wHwBhMtJ8ZZJaP.jpg							[]				
1461053116275585026	1461053116275585026	2021-11-17 16:26:22 -03	2021-11-17	16:26:22	-0300	128372940	jairbolsonaro	Jair M. Bolsonaro		- Nos Emirados √Årabes Unidos, o PR Jair Bolsonaro sa√∫da o Governador de Minas Gerais, Romeu Zema, no encontro com empres√°rios locais.   - Informo que por estar em voo no caminho de volta, nossa tradicional live ser√° transmitida na sexta-feira √†s 19:00.  https://t.co/ccRGsp6l6H	pt	[]	[]	[]	670	2354	11547	[]	[]	https://twitter.com/jairbolsonaro/status/1461053116275585026	False		1	https://pbs.twimg.com/ext_tw_video_thumb/1461053013175332868/pu/img/E9qb-UoafF5tCnJR.jpg							[]				
1461046833564635138	1461046833564635138	2021-11-17 16:01:24 -03	2021-11-17	16:01:24	-0300	128372940	jairbolsonaro	Jair M. Bolsonaro		N√≥s, Brasileiros, agradecemos Sua Alteza pela gentileza, carinho e considera√ß√£o. Os la√ßos entre nossas na√ß√µes certamente crescer√£o a cada dia. Brasil e Catar cada vez mais unidos! üáßüá∑ü§ùüá∂üá¶	pt	[]	[]	[]	1224	3976	22690	[]	[]	https://twitter.com/jairbolsonaro/status/1461046833564635138	False	https://twitter.com/tamimbinhamad/status/1460923823541432368	0								[]				
1461009357475389440	1461009050796240896	2021-11-17 13:32:29 -03	2021-11-17	13:32:29	-0300	128372940	jairbolsonaro	Jair M. Bolsonaro		@al_watanQatar @SouqWaqif_Doha üáßüá∑ü§ùü¶Ö üá∂üá¶	und	[]	[]	[]	44	121	1681	[]	[]	https://twitter.com/jairbolsonaro/status/1461009357475389440	False		0								[{'screen_name': 'al_watanQatar', 'name': 'ÿ¨ÿ±ŸäÿØÿ© ÿßŸÑŸàÿ∑ŸÜ', 'id': '604360798'}, {'screen_name': 'SouqWaqif_Doha', 'name': 'ÿ≥ŸàŸÇ ŸàÿßŸÇŸÅ', 'id': '1657773235'}]				
1460993519808569344	1460993519808569344	2021-11-17 12:29:33 -03	2021-11-17	12:29:33	-0300	128372940	jairbolsonaro	Jair M. Bolsonaro		- Hoje em Doha (17), assim como nos Emirados √Årabes e Bahrein, nossa hospedagem √© por conta dos respectivos pa√≠ses:  . Mais informa√ß√µes sobre frutos positivos para o Brasil diante nossa vinda a estes pa√≠ses, em nosso Telegram: ‚ÄúJair M. Bolsonaro 1‚Äù  https://t.co/zBJ3M8851Y	pt	[]	[]	[]	925	3443	15546	[]	[]	https://twitter.com/jairbolsonaro/status/1460993519808569344	False		1	https://pbs.twimg.com/ext_tw_video_thumb/1460993056820367362/pu/img/U7nE5WrPFNMJStHf.jpg							[]				
1460972480206708742	1460885410037575680	2021-11-17 11:05:57 -03	2021-11-17	11:05:57	-0300	128372940	jairbolsonaro	Jair M. Bolsonaro		- Informa√ß√µes atualizadas sobre frutos oriundos de nossa ida aos Emirados √Årabes em nosso Telegram üëçüèª:   https://t.co/O8KTejUGuL  https://t.co/fGc7AUX90a	pt	[]	['https://t.me/jairbolsonarobrasil']	[]	288	752	3314	[]	[]	https://twitter.com/jairbolsonaro/status/1460972480206708742	False		1	https://pbs.twimg.com/ext_tw_video_thumb/1460972422954467334/pu/img/-ghfvzAndVCie_e7.jpg							[]				
1460939596599025668	1460939298769981446	2021-11-17 08:55:17 -03	2021-11-17	08:55:17	-0300	128372940	jairbolsonaro	Jair M. Bolsonaro		- A droga foi ocultada dentro de um cont√™iner com 7 mil garrafas de cerveja e tinha como destino a cidade de Porto, em Portugal. @andersongtorres @govbr @govbrazil	pt	[{'screen_name': 'andersongtorres', 'name': 'anderson torres', 'id': '1108101424699899904'}, {'screen_name': 'govbr', 'name': 'governo do brasil', 'id': '861707648584085504'}, {'screen_name': 'govbrazil', 'name': 'government of brazil', 'id': '126397246'}]	[]	[]	141	916	6197	[]	[]	https://twitter.com/jairbolsonaro/status/1460939596599025668	False		0								[]				
1460939463706697728	1460939298769981446	2021-11-17 08:54:45 -03	2021-11-17	08:54:45	-0300	128372940	jairbolsonaro	Jair M. Bolsonaro		- A opera√ß√£o realizada foi conjunta com a @ReceitaFederal , @policiafederal e outros √≥rg√£os.  - Essa foi a terceira apreens√£o de drogas em menos de 30 dias no Porto de Vila do Conde.	pt	[{'screen_name': 'receitafederal', 'name': 'receita federal', 'id': '18718638'}, {'screen_name': 'policiafederal', 'name': 'pol√≠cia federal', 'id': '106714016'}]	[]	[]	65	827	6082	[]	[]	https://twitter.com/jairbolsonaro/status/1460939463706697728	False		0								[]				
1460939298769981446	1460939298769981446	2021-11-17 08:54:06 -03	2021-11-17	08:54:06	-0300	128372940	jairbolsonaro	Jair M. Bolsonaro		- Mais uma: A @PRFBrasil na manh√£ do dia (14), apreendeu aproximadamente 441kg de cloridrato de coca√≠na, no Porto de Vila do Conde, em Barcarena/PA.   - O preju√≠zo para o crime organizado √© estimado em quase 80 MILH√ïES de reais. @JusticaGovBR	pt	[{'screen_name': 'prfbrasil', 'name': 'prf brasil', 'id': '1208570756'}, {'screen_name': 'justicagovbr', 'name': 'minist√©rio da justi√ßa e seguran√ßa p√∫blica', 'id': '68810711'}]	[]	[]	600	2798	15036	[]	[]	https://twitter.com/jairbolsonaro/status/1460939298769981446	False		0								[]				
1460885410037575680	1460885410037575680	2021-11-17 05:19:58 -03	2021-11-17	05:19:58	-0300	128372940	jairbolsonaro	Jair M. Bolsonaro		- Bom dia a todos.  https://t.co/glXNJCk8RJ	pt	[]	[]	[]	2100	5548	31193	[]	[]	https://twitter.com/jairbolsonaro/status/1460885410037575680	False		1	https://pbs.twimg.com/ext_tw_video_thumb/1460885351828963331/pu/img/6JCuJNWIWwcUEuBh.jpg							[]				
1460726715232227340	1460726715232227340	2021-11-16 18:49:22 -03	2021-11-16	18:49:22	-0300	128372940	jairbolsonaro	Jair M. Bolsonaro		- Sess√£o especial do Centro Global Rei Hamad para a Coexist√™ncia Pac√≠fica. - Manama, Reino do Bahrein.üáßüá≠ - 16/Novembro/2021. - Presidente Jair Bolsonaro.  https://t.co/u2CV7MfVNT	pt	[]	[]	[]	866	4280	19320	[]	[]	https://twitter.com/jairbolsonaro/status/1460726715232227340	False		1	https://pbs.twimg.com/ext_tw_video_thumb/1460726665986908162/pu/img/WdDGVRkd2HsoK6FJ.jpg							[]				
1460610112159109120	1460610112159109120	2021-11-16 11:06:02 -03	2021-11-16	11:06:02	-0300	128372940	jairbolsonaro	Jair M. Bolsonaro		- Encontro com Sua Majestade o Rei Hamad Bin Isa Al Khalifa. - Reino do Bahrein. - 16/Novembro/2021.  https://t.co/bY5QRprSL5	ca	[]	[]	[]	756	3755	18963	[]	[]	https://twitter.com/jairbolsonaro/status/1460610112159109120	False		1	https://pbs.twimg.com/ext_tw_video_thumb/1460608815347421195/pu/img/wKJ3o8SZAYqn49D5.jpg							[]				
1460576166239158276	1460329852490469377	2021-11-16 08:51:08 -03	2021-11-16	08:51:08	-0300	128372940	jairbolsonaro	Jair M. Bolsonaro		@AhmadSultanAli Thank you! We are very grateful for the tribute! Hugs from Brazil!	en	[]	[]	[]	95	634	4850	[]	[]	https://twitter.com/jairbolsonaro/status/1460576166239158276	False		0								[{'screen_name': 'AhmadSultanAli', 'name': 'Ahmad Sultan Al Haddad', 'id': '285576528'}]				
1460570882791944195	1460570882791944195	2021-11-16 08:30:09 -03	2021-11-16	08:30:09	-0300	128372940	jairbolsonaro	Jair M. Bolsonaro		- A Secretaria de Alfabetiza√ß√£o do @MEC_Comunicacao lan√ßa, em formato e-book para download, os doze m√≥dulos do curso ‚ÄúPr√°ticas de Produ√ß√£o de Texto‚Äù. @mribeiroMEC @CarlosNadalim   Acesse, inscreva-se e tenha mais detalhes:  https://t.co/fakswBrvhK  https://t.co/PJ7arXy2wN	pt	[{'screen_name': 'mec_comunicacao', 'name': 'minist√©rio da educa√ß√£o', 'id': '56780945'}, {'screen_name': 'mribeiromec', 'name': 'milton ribeiro', 'id': '1130460100123156480'}, {'screen_name': 'carlosnadalim', 'name': 'carlos nadalim', 'id': '1128424089562034176'}]	['http://alfabetizacao.mec.gov.br/cursos/244-praticas-de-producao-de-texto']	[]	457	2468	9757	[]	[]	https://twitter.com/jairbolsonaro/status/1460570882791944195	False		1	https://pbs.twimg.com/amplify_video_thumb/1460570494554587145/img/GA5pmDoPqTreLy41.jpg							[]				
1460396277846392834	1460396277846392834	2021-11-15 20:56:20 -03	2021-11-15	20:56:20	-0300	128372940	jairbolsonaro	Jair M. Bolsonaro		- Dubai (15/11/2021) - Obrigado a todos pela considera√ß√£o.  https://t.co/E2f5ZWrRX8	pt	[]	[]	[]	1720	6739	33770	[]	[]	https://twitter.com/jairbolsonaro/status/1460396277846392834	False		1	https://pbs.twimg.com/ext_tw_video_thumb/1460395613183528966/pu/img/9KPG4MZ7uAJRGyES.jpg							[]				
1460259337964859394	1460258196451651589	2021-11-15 11:52:11 -03	2021-11-15	11:52:11	-0300	128372940	jairbolsonaro	Jair M. Bolsonaro		@alain_4u_sport @uaejjf @JJIF_JuJitsu Oss	und	[]	[]	[]	70	97	1520	[]	[]	https://twitter.com/jairbolsonaro/status/1460259337964859394	False		0								[{'screen_name': 'alain_4u_sport', 'name': 'ÿßŸÑÿπŸäŸÜ ÿßŸÑÿ±Ÿäÿßÿ∂Ÿäÿ©', 'id': '3393416607'}, {'screen_name': 'uaejjf', 'name': 'UAEJJF', 'id': '243153030'}, {'screen_name': 'JJIF_JuJitsu', 'name': 'JJIF', 'id': '821756463710437376'}]				
1460179179111174153	1460179179111174153	2021-11-15 06:33:39 -03	2021-11-15	06:33:39	-0300	128372940	jairbolsonaro	Jair M. Bolsonaro		OS RECORDES N√ÉO PARAM DE SER BATIDOS: A @PRFBrasil causa mais um preju√≠zo di√°rio ao crime organizado. Desta vez, de aproximadamente R$ 11.000.000,00 ao crime organizado na cidade de Cuiab√°/MT. S√£o menos 96 kg de pasta base de coca√≠na em circula√ß√£o e mais fam√≠lias preservadas.	pt	[{'screen_name': 'prfbrasil', 'name': 'prf brasil', 'id': '1208570756'}]	[]	[]	1432	5407	27886	[]	[]	https://twitter.com/jairbolsonaro/status/1460179179111174153	False		0								[]				
1459910985595162638	1459910039829991432	2021-11-14 12:47:57 -03	2021-11-14	12:47:57	-0300	128372940	jairbolsonaro	Jair M. Bolsonaro		- Bem vindo a nosso canal no Telegram:  https://t.co/O8KTejUGuL  https://t.co/McdwKBV3uO	pt	[]	['https://t.me/jairbolsonarobrasil']	[]	332	1383	6659	[]	[]	https://twitter.com/jairbolsonaro/status/1459910985595162638	False		1	https://pbs.twimg.com/ext_tw_video_thumb/1459910933527080965/pu/img/mN0LG1ZHU7aq4ruK.jpg							[]				
1459910039829991432	1459910039829991432	2021-11-14 12:44:11 -03	2021-11-14	12:44:11	-0300	128372940	jairbolsonaro	Jair M. Bolsonaro		üá¶üá™üáßüá∑ Dubai AirShow. - Emirados √Årabes Unidos. - 14/novembro /2021.  https://t.co/5iXQYmI3RZ	es	[]	[]	[]	1328	4681	23747	[]	[]	https://twitter.com/jairbolsonaro/status/1459910039829991432	False		1	https://pbs.twimg.com/ext_tw_video_thumb/1459909984058228740/pu/img/p_yE1i9z__SuvRNt.jpg							[]				
1459831483888242689	1459830427695337474	2021-11-14 07:32:02 -03	2021-11-14	07:32:02	-0300	128372940	jairbolsonaro	Jair M. Bolsonaro		- Ultrapassamos 400.000 inscritos no GETTR. Seja bem vindo:  https://t.co/rVeSExaSVV  https://t.co/H735emVM93	pt	[]	['https://gettr.com/user/jairbolsonaro']	['https://pbs.twimg.com/media/FEJc_o9WYAAhTpg.jpg']	369	2338	11843	[]	[]	https://twitter.com/jairbolsonaro/status/1459831483888242689	False		1	https://pbs.twimg.com/media/FEJc_o9WYAAhTpg.jpg							[]				
1459830427695337474	1459830427695337474	2021-11-14 07:27:50 -03	2021-11-14	07:27:50	-0300	128372940	jairbolsonaro	Jair M. Bolsonaro		- Essas not√≠cias chegaram ao Brasil? - Bom dia a  todos.  https://t.co/eaOy0PnQWc	pt	[]	[]	[]	1130	8047	29029	[]	[]	https://twitter.com/jairbolsonaro/status/1459830427695337474	False		1	https://pbs.twimg.com/ext_tw_video_thumb/1459830386050191370/pu/img/SOzQUEwq4049jCq2.jpg							[]				
1459585500814082052	1459585500814082052	2021-11-13 15:14:35 -03	2021-11-13	15:14:35	-0300	128372940	jairbolsonaro	Jair M. Bolsonaro		üá¶üá™üáßüá∑ Encontro com Sua Alteza, Xeque Mohammed Bin Rashid Al Maktoum, Primeiro-Ministro dos Emirados √Årabes Unidos e Emir de Dubai. - 13 Nov 21.  https://t.co/ZPakVk87eE	pt	[]	[]	[]	1658	4690	25069	[]	[]	https://twitter.com/jairbolsonaro/status/1459585500814082052	False		1	https://pbs.twimg.com/ext_tw_video_thumb/1459585291958767616/pu/img/EU4WHbPYExpKfwie.jpg							[]				
1459461355640078338	1459461113343578112	2021-11-13 07:01:17 -03	2021-11-13	07:01:17	-0300	128372940	jairbolsonaro	Jair M. Bolsonaro		- O mecanismo permite √†s empresas substituir a contribui√ß√£o previdenci√°ria, de 20% sobre os sal√°rios dos empregados, por uma al√≠quota sobre a receita bruta, que varia de 1% a 4,5%. @govbrazil	pt	[{'screen_name': 'govbrazil', 'name': 'government of brazil', 'id': '126397246'}]	[]	[]	158	1276	8407	[]	[]	https://twitter.com/jairbolsonaro/status/1459461355640078338	False		0								[]				
1459461252221218818	1459461113343578112	2021-11-13 07:00:52 -03	2021-11-13	07:00:52	-0300	128372940	jairbolsonaro	Jair M. Bolsonaro		- Ao falar da desonera√ß√£o, precisamos lembrar que emprego √© alimenta√ß√£o. Principalmente no momento em que o mundo ultrapassa e os reflexos do ‚Äúfique em casa que a economia a gente v√™ depois‚Äù, que come√ßam a aparecer mais.	pt	[]	[]	[]	185	1509	9793	[]	[]	https://twitter.com/jairbolsonaro/status/1459461252221218818	False		0								[]				
1459461113343578112	1459461113343578112	2021-11-13 07:00:19 -03	2021-11-13	07:00:19	-0300	128372940	jairbolsonaro	Jair M. Bolsonaro		- Desonera√ß√£o da folha de pagamento: anunciada, nesta quinta (11), a prorroga√ß√£o da medida por mais dois anos.   - A desonera√ß√£o da folha visa reduzir o desemprego, ajudando os 17 setores que mais empregam na economia brasileira. @govbr @secomvc	pt	[{'screen_name': 'govbr', 'name': 'governo do brasil', 'id': '861707648584085504'}, {'screen_name': 'secomvc', 'name': 'secomvc', 'id': '1158389772920020993'}]	[]	[]	594	3651	19382	[]	[]	https://twitter.com/jairbolsonaro/status/1459461113343578112	False		0								[]				
1459218479769341965	1459218458248368133	2021-11-12 14:56:11 -03	2021-11-12	14:56:11	-0300	128372940	jairbolsonaro	Jair M. Bolsonaro		- O resultado demonstra, al√©m das qualidades do candidato, o reconhecimento da excelente pol√≠tica externa do Governo Bolsonaro na pessoa do Ministro das Rela√ß√µes Exteriores, Carlos Fran√ßa.	pt	[]	[]	[]	285	1938	13264	[]	[]	https://twitter.com/jairbolsonaro/status/1459218479769341965	False		0								[]				
1459218458248368133	1459218458248368133	2021-11-12 14:56:06 -03	2021-11-12	14:56:06	-0300	128372940	jairbolsonaro	Jair M. Bolsonaro		- Com 19 votos de 24 poss√≠veis, o brasileiro Rodrigo Mudrovitsch foi eleito juiz da Corte Interamerica de Direitos Humanos.	pt	[]	[]	[]	730	4287	26230	[]	[]	https://twitter.com/jairbolsonaro/status/1459218458248368133	False		0								[]				
1459173323435388934	1459173238039269378	2021-11-12 11:56:45 -03	2021-11-12	11:56:45	-0300	128372940	jairbolsonaro	Jair M. Bolsonaro		- O munic√≠pio paulista ter√° 24 meses para iniciar as obras e 48 meses para entregar os t√≠tulos de propriedade √†s fam√≠lias beneficiadas. Os prazos s√≥ poder√£o ser prorrogados se 80% da constru√ß√£o das moradias j√° estiverem conclu√≠dos. @secomvc	pt	[{'screen_name': 'secomvc', 'name': 'secomvc', 'id': '1158389772920020993'}]	[]	[]	153	1268	7073	[]	[]	https://twitter.com/jairbolsonaro/status/1459173323435388934	False		0								[]				
1459173238039269378	1459173238039269378	2021-11-12 11:56:24 -03	2021-11-12	11:56:24	-0300	128372940	jairbolsonaro	Jair M. Bolsonaro		- O @govbr autorizou, nesta ter√ßa-feira (9/11), a doa√ß√£o de im√≥vel em Santos (SP), avaliado em R$ 43 milh√µes, para a constru√ß√£o de 550 moradias destinadas a fam√≠lias de baixa renda da regi√£o. @govbrazil	pt	[{'screen_name': 'govbr', 'name': 'governo do brasil', 'id': '861707648584085504'}, {'screen_name': 'govbrazil', 'name': 'government of brazil', 'id': '126397246'}]	[]	[]	583	3841	19054	[]	[]	https://twitter.com/jairbolsonaro/status/1459173238039269378	False		0								[]				
1459088974832717824	1459088519096381449	2021-11-12 06:21:34 -03	2021-11-12	06:21:34	-0300	128372940	jairbolsonaro	Jair M. Bolsonaro		- Al√©m do benef√≠cio mensal, a fam√≠lia recebe uma cota √∫nica de R$ 1.000. A Bolsa Inicia√ß√£o Cient√≠fica Junior √© uma a√ß√£o conjunta do Minist√©rio da Ci√™ncia, Tecnologia e Inova√ß√µes ( @Astro_Pontes ) com o @MinCidadania ( @joaoromaneto )  @CNPq_Oficial	pt	[{'screen_name': 'astro_pontes', 'name': 'marcos pontes', 'id': '93339429'}, {'screen_name': 'mincidadania', 'name': 'minist√©rio da cidadania', 'id': '281572031'}, {'screen_name': 'joaoromaneto', 'name': 'jo√£o roma', 'id': '84141432'}, {'screen_name': 'cnpq_oficial', 'name': 'cnpq', 'id': '344956335'}]	[]	[]	176	1149	6586	[]	[]	https://twitter.com/jairbolsonaro/status/1459088974832717824	False		0								[]				
1459088519096381449	1459088519096381449	2021-11-12 06:19:46 -03	2021-11-12	06:19:46	-0300	128372940	jairbolsonaro	Jair M. Bolsonaro		- @mcti participar√° na Bolsa Inicia√ß√£o Cient√≠fica Jr. com benef√≠cio mensal de R$100 para estudantes de fam√≠lias que fazem parte do Aux√≠lio Brasil. O estudante ter√° que se destacar em competi√ß√µes acad√™micas e cient√≠ficas, como as Olimp√≠adas do Conhecimento financiadas pela pasta.  https://t.co/lbiJR1i379	pt	[{'screen_name': 'mcti', 'name': 'minist√©rio da ci√™ncia, tecnologia e inova√ß√µes', 'id': '3108587889'}]	[]	[]	392	2385	11142	[]	[]	https://twitter.com/jairbolsonaro/status/1459088519096381449	False		1	https://pbs.twimg.com/ext_tw_video_thumb/1459088450892800009/pu/img/TwqBryqzc4a0P0PF.jpg							[]				
1458911894727704583	1458911894727704583	2021-11-11 18:37:55 -03	2021-11-11	18:37:55	-0300	128372940	jairbolsonaro	Jair M. Bolsonaro		. Live de toda quinta-feira (11/11/2021) | PR Jair Bolsonaro.  https://t.co/GSTC005hy5	pt	[]	['https://youtu.be/lGnhwjAUak8']	[]	420	1925	9340	[]	[]	https://twitter.com/jairbolsonaro/status/1458911894727704583	False		0								[]				
1458870058407632897	1458870058407632897	2021-11-11 15:51:41 -03	2021-11-11	15:51:41	-0300	128372940	jairbolsonaro	Jair M. Bolsonaro		- Uma B√≠blia muito especial. - Excepcionalmente, em virtude do jogo Flamengo X Bahia (19h), nossa live de hoje ser√° √†s 18h.  https://t.co/TGhUf6G7I4	pt	[]	[]	[]	917	3704	19074	[]	[]	https://twitter.com/jairbolsonaro/status/1458870058407632897	False		1	https://pbs.twimg.com/ext_tw_video_thumb/1458869996726194181/pu/img/nvshBveXPb21DH7f.jpg							[]				
1458785683011739650	1458785410885300224	2021-11-11 10:16:24 -03	2021-11-11	10:16:24	-0300	128372940	jairbolsonaro	Jair M. Bolsonaro		- M√©dicos, psic√≥logos, nutricionistas, fisioterapeutas, t√©cnicos em enfermagem e outras especialidades que periodicamente visitam pacientes em suas casas. O Melhor em Casa j√° atendeu mais de 500 mil brasileiros, reduzindo a perman√™ncia de pacientes e familiares em hospitais.	pt	[]	[]	[]	151	1235	6772	[]	[]	https://twitter.com/jairbolsonaro/status/1458785683011739650	False		0								[]				
1458785410885300224	1458785410885300224	2021-11-11 10:15:19 -03	2021-11-11	10:15:19	-0300	128372940	jairbolsonaro	Jair M. Bolsonaro		- O @minsaude habilitou 116 novas equipes multiprofissionais do programa Melhor em Casa para atuarem no atendimento domiciliar. O programa permite que pacientes com doen√ßas graves e cr√¥nicas recebam atendimento especializado em casa, perto da fam√≠lia.	pt	[{'screen_name': 'minsaude', 'name': 'minist√©rio da sa√∫de', 'id': '37717107'}]	[]	[]	483	3012	15453	[]	[]	https://twitter.com/jairbolsonaro/status/1458785410885300224	False		0								[]				
1458734677372674048	1458726964789981186	2021-11-11 06:53:43 -03	2021-11-11	06:53:43	-0300	128372940	jairbolsonaro	Jair M. Bolsonaro		- Tenha acesso di√°rio a mais not√≠cias em nosso GETTR. Seja bem vindo a mais este canal de informa√ß√µes:  https://t.co/rVeSExaSVV  https://t.co/g4nvZ7IOU6	pt	[]	['https://gettr.com/user/jairbolsonaro']	['https://pbs.twimg.com/media/FD53c4TX0AUMJDE.jpg']	197	1462	6665	[]	[]	https://twitter.com/jairbolsonaro/status/1458734677372674048	False		1	https://pbs.twimg.com/media/FD53c4TX0AUMJDE.jpg							[]				
1458727150887096326	1458726964789981186	2021-11-11 06:23:49 -03	2021-11-11	06:23:49	-0300	128372940	jairbolsonaro	Jair M. Bolsonaro		. Quando o @MInfraestrutura criou o Programa o Pro Trilhos foi dada largada para nova revolu√ß√£o de transporte ferrovi√°ria. @ppinvestimentos @tarcisiogdf @govbrazil @govbr	pt	[{'screen_name': 'minfraestrutura', 'name': 'minist√©rio da infraestrutura', 'id': '523331076'}, {'screen_name': 'ppinvestimentos', 'name': 'programa de parcerias de investimentos', 'id': '775320812047958016'}, {'screen_name': 'tarcisiogdf', 'name': 'tarc√≠sio gomes de freitas', 'id': '1078618844007157761'}, {'screen_name': 'govbrazil', 'name': 'government of brazil', 'id': '126397246'}, {'screen_name': 'govbr', 'name': 'governo do brasil', 'id': '861707648584085504'}]	[]	[]	122	1232	7394	[]	[]	https://twitter.com/jairbolsonaro/status/1458727150887096326	False		0								[]				
1458726964789981186	1458726964789981186	2021-11-11 06:23:04 -03	2021-11-11	06:23:04	-0300	128372940	jairbolsonaro	Jair M. Bolsonaro		.24¬∫ pedido de autoriza√ß√£o ferrovi√°ria veio da Eldorado Brasil Celulose para o Mato Grosso do Sul. Mais 90 km de trilhos e quase R$ 900 milh√µes em investimentos previstos e dezenas de milhares de empregos diretos e indiretos gerados, al√©m da ajuda √† preserva√ß√£o do meio ambiente.  https://t.co/cHnPzupwR6	pt	[]	[]	['https://pbs.twimg.com/media/FD5wcAfX0AIXsX1.jpg']	411	3283	15287	[]	[]	https://twitter.com/jairbolsonaro/status/1458726964789981186	False		1	https://pbs.twimg.com/media/FD5wcAfX0AIXsX1.jpg							[]				
1458408612657762307	1458408612657762307	2021-11-10 09:18:03 -03	2021-11-10	09:18:03	-0300	128372940	jairbolsonaro	Jair M. Bolsonaro		- Entrevista: R√°dio Cultura FM (ES).  https://t.co/fApkHaRsYj	pt	[]	['https://youtu.be/LIGimPNbkNg']	[]	420	1654	7891	[]	[]	https://twitter.com/jairbolsonaro/status/1458408612657762307	False		0								[]				
1458383000182444036	1458382573768515591	2021-11-10 07:36:17 -03	2021-11-10	07:36:17	-0300	128372940	jairbolsonaro	Jair M. Bolsonaro		- O Aux√≠lio Brasil integra v√°rias pol√≠ticas p√∫blicas de inser√ß√£o socioecon√¥mica, possibilitando √†s fam√≠lias o aumento do valor do benef√≠cio b√°sico. @MinCidadania @joaoromaneto @MinEconomia @secomvc @govbrazil @govbr	pt	[{'screen_name': 'mincidadania', 'name': 'minist√©rio da cidadania', 'id': '281572031'}, {'screen_name': 'joaoromaneto', 'name': 'jo√£o roma', 'id': '84141432'}, {'screen_name': 'mineconomia', 'name': 'minist√©rio da economia', 'id': '216777909'}, {'screen_name': 'secomvc', 'name': 'secomvc', 'id': '1158389772920020993'}, {'screen_name': 'govbrazil', 'name': 'government of brazil', 'id': '126397246'}, {'screen_name': 'govbr', 'name': 'governo do brasil', 'id': '861707648584085504'}]	[]	[]	267	1601	9740	[]	[]	https://twitter.com/jairbolsonaro/status/1458383000182444036	False		0								[]				
1458382807806394370	1458382573768515591	2021-11-10 07:35:31 -03	2021-11-10	07:35:31	-0300	128372940	jairbolsonaro	Jair M. Bolsonaro		- Entre as novidades est√£o instrumentos para que as fam√≠lias possam se sustentar por conta pr√≥pria e inser√ß√£o no mercado de trabalho.  - Al√©m de simplificar a cesta de benef√≠cios, o programa facilita a entrada de novas fam√≠lias que estejam em situa√ß√£o de vulnerabilidade.	pt	[]	[]	[]	181	1692	10504	[]	[]	https://twitter.com/jairbolsonaro/status/1458382807806394370	False		0								[]				
1458382573768515591	1458382573768515591	2021-11-10 07:34:35 -03	2021-11-10	07:34:35	-0300	128372940	jairbolsonaro	Jair M. Bolsonaro		- Com os resultados do ‚Äúfique em casa que a economia a gente v√™ depois‚Äù aplicado por muitos governadores e prefeitos, faz-se urgente aux√≠lio aos mais necessitados.  -Editado decreto que regulamenta o Aux√≠lio Brasil, substituindo o Bolsa Fam√≠lia e trazendo amplia√ß√£o em seu escopo.	pt	[]	[]	[]	2391	5925	29737	[]	[]	https://twitter.com/jairbolsonaro/status/1458382573768515591	False		0								[]				
1458164596578177032	1458164481176002561	2021-11-09 17:08:25 -03	2021-11-09	17:08:25	-0300	128372940	jairbolsonaro	Jair M. Bolsonaro		- Nesse per√≠odo de 34 meses, servi√ßos digitais come√ßaram a ser oferecidos, com destaque para o PIX e as carteiras digitais de Tr√¢nsito e de Trabalho. Os servi√ßos est√£o dispon√≠veis na plataforma¬† https://t.co/fW7rbcng0O.	pt	[]	['http://gov.br']	[]	170	1190	6173	[]	[]	https://twitter.com/jairbolsonaro/status/1458164596578177032	False		0								[]				
1458164481176002561	1458164481176002561	2021-11-09 17:07:58 -03	2021-11-09	17:07:58	-0300	128372940	jairbolsonaro	Jair M. Bolsonaro		- O @govbr atingiu nesta semana a marca de 1.500 servi√ßos digitalizados desde janeiro de 2019.  - A digitaliza√ß√£o dos servi√ßos p√∫blicos desde janeiro de 2019 gerou, desburocratiza√ß√µes e economia de R$ 3 bilh√µes por ano ao cidad√£o e ao estado.	pt	[{'screen_name': 'govbr', 'name': 'governo do brasil', 'id': '861707648584085504'}]	[]	[]	660	3732	18804	[]	[]	https://twitter.com/jairbolsonaro/status/1458164481176002561	False		0								[]				
1458056080676765702	1458056080676765702	2021-11-09 09:57:13 -03	2021-11-09	09:57:13	-0300	128372940	jairbolsonaro	Jair M. Bolsonaro		- Entrevista / r√°dio (09/11/2021).  https://t.co/Ytsi7eO3JC	pt	[]	['https://www.youtube.com/watch?v=ZF1tk3_cc6Ehttps://www.youtube.com/watch?v=ZF1tk3_cc6E']	[]	422	1533	6808	[]	[]	https://twitter.com/jairbolsonaro/status/1458056080676765702	False		0								[]				
1458011774570074115	1458011774570074115	2021-11-09 07:01:10 -03	2021-11-09	07:01:10	-0300	128372940	jairbolsonaro	Jair M. Bolsonaro		- RIO GRANDE DO SUL: Mais uma obra das 3200 obras do @MTurismo no Brasil.  - Constru√ß√µes em Cuba, Argentina, Venezuela, pa√≠ses africanos,etc.. eram a realidade.@gilsonmachadont .  - √â preciso resgatar o tempo perdido, quando o dinheiro do pagador de impostos n√£o ficava no Brasil.  https://t.co/TlUOcWf7xR	pt	[{'screen_name': 'mturismo', 'name': 'minist√©rio do turismo', 'id': '62891396'}, {'screen_name': 'gilsonmachadont', 'name': 'gilson machado neto', 'id': '842694640432242688'}]	[]	[]	860	3549	15241	[]	[]	https://twitter.com/jairbolsonaro/status/1458011774570074115	False		1	https://pbs.twimg.com/ext_tw_video_thumb/1458011697822773253/pu/img/xe0HZUFCll7p_6zN.jpg							[]				
1457779467233882115	1457650280825229312	2021-11-08 15:38:03 -03	2021-11-08	15:38:03	-0300	128372940	jairbolsonaro	Jair M. Bolsonaro		- Muito mais informa√ß√µes atualizadas de segunda a segunda. Siga-nos em em mais esta rede social üëçüèª:  https://t.co/O8KTejD56b  https://t.co/FfkMZ8VoiO	pt	[]	['https://t.me/jairbolsonarobrasil']	['https://pbs.twimg.com/media/FDsSsDDUUAArMhE.jpg']	374	872	4244	[]	[]	https://twitter.com/jairbolsonaro/status/1457779467233882115	False		1	https://pbs.twimg.com/media/FDsSsDDUUAArMhE.jpg							[]				
1457778204186329101	1457694683984011266	2021-11-08 15:33:02 -03	2021-11-08	15:33:02	-0300	128372940	jairbolsonaro	Jair M. Bolsonaro		@fabiofaria @govbr ü§ù, Ministro!	es	[]	[]	[]	132	368	7716	[]	[]	https://twitter.com/jairbolsonaro/status/1457778204186329101	False		0								[{'screen_name': 'fabiofaria', 'name': 'F√°bio Faria üáßüá∑üáßüá∑üáßüá∑', 'id': '51827346'}, {'screen_name': 'govbr', 'name': 'Governo do Brasil', 'id': '861707648584085504'}]				
1457650280825229312	1457650280825229312	2021-11-08 07:04:43 -03	2021-11-08	07:04:43	-0300	128372940	jairbolsonaro	Jair M. Bolsonaro		- SuperInfra / mais dois leil√µes bem sucedidos: no Porto de Macei√≥/AL e o Terminal Salineiro de Areia Branca/RN. R$ 222 milh√µes de investimentos privados que potencializar√£o ainda mais o setor portu√°rio e gerar emprego para cerca de 3 mil chefes de fam√≠lia. @MInfraestrutura	pt	[{'screen_name': 'minfraestrutura', 'name': 'minist√©rio da infraestrutura', 'id': '523331076'}]	[]	[]	867	3906	20848	[]	[]	https://twitter.com/jairbolsonaro/status/1457650280825229312	False		0								[]				
1457493067871760385	1457493067871760385	2021-11-07 20:40:00 -03	2021-11-07	20:40:00	-0300	128372940	jairbolsonaro	Jair M. Bolsonaro		- Palmeira/Paran√°. - Parada n√£o programada.  https://t.co/3KC1rw2Rea	pt	[]	[]	[]	835	3692	18856	[]	[]	https://twitter.com/jairbolsonaro/status/1457493067871760385	False		1	https://pbs.twimg.com/amplify_video_thumb/1457492630439354375/img/aEL4Vo-NQ2LZo-YS.jpg							[]				
1457387532522561538	1457339197979779074	2021-11-07 13:40:39 -03	2021-11-07	13:40:39	-0300	128372940	jairbolsonaro	Jair M. Bolsonaro		@fabiofaria ü§ù, Ministro!	es	[]	[]	[]	72	274	4449	[]	[]	https://twitter.com/jairbolsonaro/status/1457387532522561538	False		0								[{'screen_name': 'fabiofaria', 'name': 'F√°bio Faria üáßüá∑üáßüá∑üáßüá∑', 'id': '51827346'}]				
1457386431467429888	1457386262093045760	2021-11-07 13:36:16 -03	2021-11-07	13:36:16	-0300	128372940	jairbolsonaro	Jair M. Bolsonaro		- Muitos homens e mulheres do campo esperavam por esse momento h√° mais de 15 anos. @Mapa_Brasil @TerezaCrisMS @Incra_oficial @secomvc @govbr	pt	[{'screen_name': 'mapa_brasil', 'name': 'minist√©rio da agricultura', 'id': '2803613940'}, {'screen_name': 'terezacrisms', 'name': 'tereza cristina', 'id': '270399607'}, {'screen_name': 'incra_oficial', 'name': 'incra ascom', 'id': '90619222'}, {'screen_name': 'secomvc', 'name': 'secomvc', 'id': '1158389772920020993'}, {'screen_name': 'govbr', 'name': 'governo do brasil', 'id': '861707648584085504'}]	[]	[]	152	1067	6280	[]	[]	https://twitter.com/jairbolsonaro/status/1457386431467429888	False		0								[]				
1457386262093045760	1457386262093045760	2021-11-07 13:35:36 -03	2021-11-07	13:35:36	-0300	128372940	jairbolsonaro	Jair M. Bolsonaro		- Nova rodada: ontem (6), mais de 1000 fam√≠lias de Sidrol√¢ndia/MS receberam o t√≠tulo de propriedade de suas terras. Foram, entregues 531 documentos definitivos e 541 Contratos de Concess√£o de Uso para os assentados da regi√£o, al√©m de cr√©ditos para desenvolvimento de produ√ß√£o.  https://t.co/lzfKeqsWSS	pt	[]	[]	[]	454	3403	15509	[]	[]	https://twitter.com/jairbolsonaro/status/1457386262093045760	False		1	https://pbs.twimg.com/ext_tw_video_thumb/1457386215410446346/pu/img/XneKqSoLjzIH3dhz.jpg							[]				
1457294397926744067	1457294274035429378	2021-11-07 07:30:34 -03	2021-11-07	07:30:34	-0300	128372940	jairbolsonaro	Jair M. Bolsonaro		- MAC13, no Porto de Macei√≥/AL garantiu R$ 57,8 milh√µes e o Terminal Salineiro de Areia Branca/RN consegue R$ 165 milh√µes, fechando R$ 222 milh√µes de investimentos privados. @ppinvestimentos @portosdobrasil @govbr	pt	[{'screen_name': 'ppinvestimentos', 'name': 'programa de parcerias de investimentos', 'id': '775320812047958016'}, {'screen_name': 'portosdobrasil', 'name': 'portos do brasil', 'id': '52137895'}, {'screen_name': 'govbr', 'name': 'governo do brasil', 'id': '861707648584085504'}]	[]	[]	136	1559	9719	[]	[]	https://twitter.com/jairbolsonaro/status/1457294397926744067	False		0								[]				
1457294274035429378	1457294274035429378	2021-11-07 07:30:04 -03	2021-11-07	07:30:04	-0300	128372940	jairbolsonaro	Jair M. Bolsonaro		- ALAGOAS / RIO GRANDE DO NORTE: Mais 2 leil√µes portu√°rios bem-sucedidos nessa segunda rodada de leil√µes da SuperInfra que v√£o potencializar ainda mais o setor portu√°rio e gerar emprego para cerca de 3 mil pais de fam√≠lia. @MInfraestrutura @tarcisiogdf	pt	[{'screen_name': 'minfraestrutura', 'name': 'minist√©rio da infraestrutura', 'id': '523331076'}, {'screen_name': 'tarcisiogdf', 'name': 'tarc√≠sio gomes de freitas', 'id': '1078618844007157761'}]	[]	[]	459	3467	18503	[]	[]	https://twitter.com/jairbolsonaro/status/1457294274035429378	False		0								[]				
1457112947583508485	1457109442072399880	2021-11-06 19:29:33 -03	2021-11-06	19:29:33	-0300	128372940	jairbolsonaro	Jair M. Bolsonaro		@TerezaCrisMS ü§ùüáßüá∑, Ministra!	es	[]	[]	[]	49	326	3561	[]	[]	https://twitter.com/jairbolsonaro/status/1457112947583508485	False		0								[{'screen_name': 'TerezaCrisMS', 'name': 'Tereza Cristina', 'id': '270399607'}]				
1457084385283477519	1457061290107707405	2021-11-06 17:36:03 -03	2021-11-06	17:36:03	-0300	128372940	jairbolsonaro	Jair M. Bolsonaro		@exercitooficial @DNIToficial üáßüá∑ü§ù	und	[]	[]	[]	74	250	3452	[]	[]	https://twitter.com/jairbolsonaro/status/1457084385283477519	False		0								[{'screen_name': 'exercitooficial', 'name': 'exercitooficial', 'id': '184762182'}, {'screen_name': 'DNIToficial', 'name': 'DNIT', 'id': '455069103'}]				
1457033089092362241	1457033089092362241	2021-11-06 14:12:13 -03	2021-11-06	14:12:13	-0300	128372940	jairbolsonaro	Jair M. Bolsonaro		- Ap√≥s compromissos no Paran√° - üáßüá∑ Pira√≠ do Sul - 6 Nov 21 üëçüèª  https://t.co/xI7XA81jc1	pt	[]	[]	[]	1339	4924	24697	[]	[]	https://twitter.com/jairbolsonaro/status/1457033089092362241	False		1	https://pbs.twimg.com/ext_tw_video_thumb/1457032871785508869/pu/img/Sp4JoqIJPHr4dAXG.jpg							[]				
1456925256980078593	1456925177405657088	2021-11-06 07:03:44 -03	2021-11-06	07:03:44	-0300	128372940	jairbolsonaro	Jair M. Bolsonaro		- Todos os recursos s√£o aplicados no investimento de material humano, equipamento e intelig√™ncia das For√ßas de Seguran√ßa P√∫blica. @govbrazil @govbr   Saiba mais:  https://t.co/VfvMO0gjOK	pt	[{'screen_name': 'govbrazil', 'name': 'government of brazil', 'id': '126397246'}, {'screen_name': 'govbr', 'name': 'governo do brasil', 'id': '861707648584085504'}]	['https://bit.ly/3mFwGQX']	[]	129	1163	6356	[]	[]	https://twitter.com/jairbolsonaro/status/1456925256980078593	False		0								[]				
1456925177405657088	1456925177405657088	2021-11-06 07:03:25 -03	2021-11-06	07:03:25	-0300	128372940	jairbolsonaro	Jair M. Bolsonaro		- O @JusticaGovBR alcan√ßou n√∫mero recorde de leil√µes de bens apreendidos em opera√ß√µes policiais de janeiro a outubro deste ano, em compara√ß√£o com o total realizado em 2020. Foram vendidos mais de 3 mil itens e arrecadados cerca de RS 105 milh√µes! @andersongtorres	pt	[{'screen_name': 'justicagovbr', 'name': 'minist√©rio da justi√ßa e seguran√ßa p√∫blica', 'id': '68810711'}, {'screen_name': 'andersongtorres', 'name': 'anderson torres', 'id': '1108101424699899904'}]	[]	[]	449	3275	17686	[]	[]	https://twitter.com/jairbolsonaro/status/1456925177405657088	False		0								[]				
1456779548117422081	1456779509101907972	2021-11-05 21:24:44 -03	2021-11-05	21:24:44	-0300	128372940	jairbolsonaro	Jair M. Bolsonaro		- A obra, que recebeu investimentos de R$ 51,8 milh√µes, vai atender aos bairros Uvaranas, Maria Ot√≠lia e Los Angeles, al√©m de garantir regularidade na distribui√ß√£o de √°gua tratada para toda a popula√ß√£o do munic√≠pio.	pt	[]	[]	[]	122	1271	8645	[]	[]	https://twitter.com/jairbolsonaro/status/1456779548117422081	False		0								[]				
1456779509101907972	1456779509101907972	2021-11-05 21:24:35 -03	2021-11-05	21:24:35	-0300	128372940	jairbolsonaro	Jair M. Bolsonaro		- Paran√° (05/11/2021):  - Entrega da amplia√ß√£o do Sistema de Abastecimento de √Ågua de Ponta Grossa (SSA)  - Cerca de 358 mil paranaenses ser√£o beneficiados com a entrega da amplia√ß√£o do SSA do munic√≠pio.  https://t.co/Cfrp0C67NK	pt	[]	[]	[]	648	3730	19650	[]	[]	https://twitter.com/jairbolsonaro/status/1456779509101907972	False		1	https://pbs.twimg.com/ext_tw_video_thumb/1456778995534598145/pu/img/b0qzDkqncL_DOr4y.jpg							[]				
1456749731082801154	1456749588719808518	2021-11-05 19:26:15 -03	2021-11-05	19:26:15	-0300	128372940	jairbolsonaro	Jair M. Bolsonaro		- Neste momento de profunda dor e tristeza pe√ßo a Deus que console o cora√ß√£o de seus f√£s e, em especial, de seus amigos e familiares, bem como das demais v√≠timas do acidente. Que a dor da saudade d√™ lugar √† certeza de que a morte n√£o √© o fim. E que Deus conforte a todos.	pt	[]	[]	[]	556	3824	44255	[]	[]	https://twitter.com/jairbolsonaro/status/1456749731082801154	False		0								[]				
1456749651437162505	1456749588719808518	2021-11-05 19:25:56 -03	2021-11-05	19:25:56	-0300	128372940	jairbolsonaro	Jair M. Bolsonaro		- O sentimento √© de que perdemos algu√©m muito pr√≥ximo, j√° que Mar√≠lia sempre esteve presente em nossas vidas atrav√©s de suas can√ß√µes.	pt	[]	[]	[]	291	3203	40305	[]	[]	https://twitter.com/jairbolsonaro/status/1456749651437162505	False		0								[]				
1456749588719808518	1456749588719808518	2021-11-05 19:25:41 -03	2021-11-05	19:25:41	-0300	128372940	jairbolsonaro	Jair M. Bolsonaro		- O pa√≠s inteiro recebe em choque a not√≠cia do passamento da jovem cantora sertaneja Mar√≠lia Mendon√ßa, uma das maiores artistas de sua gera√ß√£o, que com sua voz √∫nica, seu carisma e sua m√∫sica conquistou o carinho e a admira√ß√£o de todos n√≥s.	pt	[]	[]	[]	1797	8045	82800	[]	[]	https://twitter.com/jairbolsonaro/status/1456749588719808518	False		0								[]				
1456714283291713541	1456714283291713541	2021-11-05 17:05:24 -03	2021-11-05	17:05:24	-0300	128372940	jairbolsonaro	Jair M. Bolsonaro		- Atualiza√ß√µes de informa√ß√µes dia ap√≥s dia no nosso Telegram üëçüèª / Inscreva-se:  https://t.co/O8KTejUGuL  https://t.co/6st2GcJ0Nx	pt	[]	['https://t.me/jairbolsonarobrasil']	[]	389	2063	10234	[]	[]	https://twitter.com/jairbolsonaro/status/1456714283291713541	False		1	https://pbs.twimg.com/ext_tw_video_thumb/1456714217323630602/pu/img/Q1ZE_zlvN4r1usSA.jpg							[]				
1456676557347430403	1456654178432978953	2021-11-05 14:35:29 -03	2021-11-05	14:35:29	-0300	128372940	jairbolsonaro	Jair M. Bolsonaro		@fabiofaria ü§ù, Ministro!	es	[]	[]	[]	115	428	6367	[]	[]	https://twitter.com/jairbolsonaro/status/1456676557347430403	False		0								[{'screen_name': 'fabiofaria', 'name': 'F√°bio Faria üáßüá∑üáßüá∑üáßüá∑', 'id': '51827346'}]				
1456547536123072514	1456547256774107188	2021-11-05 06:02:48 -03	2021-11-05	06:02:48	-0300	128372940	jairbolsonaro	Jair M. Bolsonaro		- O Canal do Sert√£o Baiano cortar√° a regi√£o, trar√° a reden√ß√£o para aquela localidade e permitir que os habitantes possam, finalmente, ter dignidade. Com isso, o @govbr contribui para mais gera√ß√£o de renda e de empregos em uma regi√£o que necessita de apoio para crescer.	pt	[{'screen_name': 'govbr', 'name': 'governo do brasil', 'id': '861707648584085504'}]	[]	[]	201	1855	10305	[]	[]	https://twitter.com/jairbolsonaro/status/1456547536123072514	False		0								[]				
1456547256774107188	1456547256774107188	2021-11-05 06:01:42 -03	2021-11-05	06:01:42	-0300	128372940	jairbolsonaro	Jair M. Bolsonaro		- BAHIA: Ap√≥s 50 anos de espera, dada mais uma largada! Com canal do sert√£o baiano, o @gov alcan√ßar√° mais de 70 mil produtores rurais e mais de 1 milh√£o de brasileiros com o acesso a √°gua. Al√©m disso, o canal tem potencial para gerar 45 mil empregos diretos e indiretos.  https://t.co/0XObMCp4zm	pt	[]	[]	[]	818	5286	21832	[]	[]	https://twitter.com/jairbolsonaro/status/1456547256774107188	False		1	https://pbs.twimg.com/ext_tw_video_thumb/1456546751570190354/pu/img/phfyMh42h7cpAsVC.jpg							[]				
1456380882181242886	1456380882181242886	2021-11-04 19:00:35 -03	2021-11-04	19:00:35	-0300	128372940	jairbolsonaro	Jair M. Bolsonaro		- Presidente Jair Bolsonaro/ LIVE DA SEMANA (04/11/2021).  https://t.co/4KHLg8LdB2	es	[]	['https://youtu.be/Q8gH_Hy39ss']	[]	581	2084	10537	[]	[]	https://twitter.com/jairbolsonaro/status/1456380882181242886	False		0								[]				
1456301608447393793	1456223748395307013	2021-11-04 13:45:34 -03	2021-11-04	13:45:34	-0300	128372940	jairbolsonaro	Jair M. Bolsonaro		@fabiofaria @AppelLuciano ü§ù, Ministro!	es	[]	[]	[]	95	279	4748	[]	[]	https://twitter.com/jairbolsonaro/status/1456301608447393793	False		0								[{'screen_name': 'fabiofaria', 'name': 'F√°bio Faria üáßüá∑üáßüá∑üáßüá∑', 'id': '51827346'}, {'screen_name': 'AppelLuciano', 'name': 'Luciano Appel üáßüá∑üáßüá∑', 'id': '1122347280797974528'}]				
1456296403936874496	1456290497111203844	2021-11-04 13:24:54 -03	2021-11-04	13:24:54	-0300	128372940	jairbolsonaro	Jair M. Bolsonaro		@ebserh @MEC_Comunicacao @govbr ü§ùüáßüá∑!	und	[]	[]	[]	12	25	239	[]	[]	https://twitter.com/jairbolsonaro/status/1456296403936874496	False		0								[{'screen_name': 'ebserh', 'name': 'Ebserh', 'id': '1392868538'}, {'screen_name': 'MEC_Comunicacao', 'name': 'Minist√©rio da Educa√ß√£o', 'id': '56780945'}, {'screen_name': 'govbr', 'name': 'Governo do Brasil', 'id': '861707648584085504'}]				
1456290712371269632	1456290497111203844	2021-11-04 13:02:17 -03	2021-11-04	13:02:17	-0300	128372940	jairbolsonaro	Jair M. Bolsonaro		- Fora os bilh√µes de reais enviados a governadores e prefeitos no combate ao covid, e j√° s√£o mais de 334 milh√µes de doses de vacinas distribu√≠das a todos os estados e munic√≠pios do Brasil. Seguimos cumprindo o papel constitucional tamb√©m na √°rea de sa√∫de.	pt	[]	[]	[]	262	1283	6118	[]	[]	https://twitter.com/jairbolsonaro/status/1456290712371269632	False		0								[]				
1456290497111203844	1456290497111203844	2021-11-04 13:01:25 -03	2021-11-04	13:01:25	-0300	128372940	jairbolsonaro	Jair M. Bolsonaro		- Em nova rodada, os Hospitais Universit√°rios Federais vinculados √† Rede @ebserh / @MEC_Comunicacao receberam mais R$ 50 milh√µes em recursos suplementares do @govbr .   - Valores garantem o abastecimento das unidades no final de 2021 e no in√≠cio de 2022.  https://t.co/3d3tGtTCXL	pt	[{'screen_name': 'ebserh', 'name': 'ebserh', 'id': '1392868538'}, {'screen_name': 'mec_comunicacao', 'name': 'minist√©rio da educa√ß√£o', 'id': '56780945'}, {'screen_name': 'govbr', 'name': 'governo do brasil', 'id': '861707648584085504'}]	[]	['https://pbs.twimg.com/media/FDXIe3qWEAMEe21.jpg']	354	2448	11258	[]	[]	https://twitter.com/jairbolsonaro/status/1456290497111203844	False		1	https://pbs.twimg.com/media/FDXIe3qWEAMEe21.jpg							[]				
1456189689468174338	1456189372013944837	2021-11-04 06:20:51 -03	2021-11-04	06:20:51	-0300	128372940	jairbolsonaro	Jair M. Bolsonaro		- Os IP4 tem objetivo de impulsionar o desenvolvimento econ√¥mico e melhorar a qualidade de vida da popula√ß√£o. Os pequenos portos exercem o papel social de facilitar a integra√ß√£o entre as comunidades ribeirinhas e funcionam como uma pequena rodovi√°ria √†s margens dos rios.	pt	[]	[]	[]	87	1014	6774	[]	[]	https://twitter.com/jairbolsonaro/status/1456189689468174338	False		0								[]				
1456189522002202630	1456189372013944837	2021-11-04 06:20:11 -03	2021-11-04	06:20:11	-0300	128372940	jairbolsonaro	Jair M. Bolsonaro		- A entrega leva infraestrutura e seguran√ßa para cidades que tem uma alta demanda por transporte hidrovi√°rio. As equipes do @DNIToficial fizeram terminal de passageiros, armaz√©m de carga, esta√ß√£o de tratamento de esgoto (ETE), f√°brica de gelo/c√¢mara frigor√≠fica e estacionamento.	pt	[{'screen_name': 'dnitoficial', 'name': 'dnit', 'id': '455069103'}]	[]	[]	64	1029	6843	[]	[]	https://twitter.com/jairbolsonaro/status/1456189522002202630	False		0								[]				
1456189372013944837	1456189372013944837	2021-11-04 06:19:35 -03	2021-11-04	06:19:35	-0300	128372940	jairbolsonaro	Jair M. Bolsonaro		- Neste m√™s, o Governo do Brasil iniciou as opera√ß√µes de uma Instala√ß√£o Portu√°ria de Pequeno Porte (IP4), em Silves/AM. A instala√ß√£o desta nova fase deste tipo de estrutura facilita o embarque e desembarque de mais de 9 mil moradores. @govbr @MInfraestrutura @tarcisiogdf  https://t.co/QToCTvp0Fj	pt	[{'screen_name': 'govbr', 'name': 'governo do brasil', 'id': '861707648584085504'}, {'screen_name': 'minfraestrutura', 'name': 'minist√©rio da infraestrutura', 'id': '523331076'}, {'screen_name': 'tarcisiogdf', 'name': 'tarc√≠sio gomes de freitas', 'id': '1078618844007157761'}]	[]	[]	415	3223	15537	[]	[]	https://twitter.com/jairbolsonaro/status/1456189372013944837	False		1	https://pbs.twimg.com/ext_tw_video_thumb/1456189316166737924/pu/img/eaHDagf3AoSVyW-b.jpg							[]				
1455991675805908992	1455990943966973960	2021-11-03 17:14:01 -03	2021-11-03	17:14:01	-0300	128372940	jairbolsonaro	Jair M. Bolsonaro		- O @MInfraestrutura fechou o m√™s de Outubro com uma m√©dia de 3 entregas por semana. Regi√µes Sul, Sudeste, Centro-Oeste e Nordeste contempladas. Foram 85 obras conclu√≠das em 2021 e a pasta segue firme para alcan√ßar a nossa meta de 100 entregas este ano.  Saiba detalhes na imagem:  https://t.co/5arKKAxtZc	pt	[{'screen_name': 'minfraestrutura', 'name': 'minist√©rio da infraestrutura', 'id': '523331076'}]	[]	['https://pbs.twimg.com/media/FDS4szgX0AMQbkw.jpg']	151	1341	6389	[]	[]	https://twitter.com/jairbolsonaro/status/1455991675805908992	False		1	https://pbs.twimg.com/media/FDS4szgX0AMQbkw.jpg							[]				
1455990943966973960	1455990943966973960	2021-11-03 17:11:06 -03	2021-11-03	17:11:06	-0300	128372940	jairbolsonaro	Jair M. Bolsonaro		-O programa ProTrilhos do @govbr , que estimula a amplia√ß√£o da malha ferrovi√°ria nacional pelo instrumento de outorga por autoriza√ß√£o, aumenta a atratividade do setor privado para realizar investimentos em ferrovias, com mais empregos, infraestrutura e preservando o meio ambiente  https://t.co/XZFBZsw3tG	pt	[{'screen_name': 'govbr', 'name': 'governo do brasil', 'id': '861707648584085504'}]	[]	['https://pbs.twimg.com/media/FDS4Cm5XIAIehes.jpg']	500	3559	16310	[]	[]	https://twitter.com/jairbolsonaro/status/1455990943966973960	False		1	https://pbs.twimg.com/media/FDS4Cm5XIAIehes.jpg							[]				
1455840670590062593	1455840670590062593	2021-11-03 07:13:58 -03	2021-11-03	07:13:58	-0300	128372940	jairbolsonaro	Jair M. Bolsonaro		- Ferramenta eficiente para auxiliar na elucida√ß√£o de crimes e identifica√ß√£o de pessoas desaparecidos, a Rede Integrada de Bancos de Perfis Gen√©ticos (RIBPG) recebeu, desde 2019, R$ 150 milh√µes em investimentos do @JusticaGovBR . @andersongtorres  https://t.co/ClU6VGQcEH	pt	[{'screen_name': 'justicagovbr', 'name': 'minist√©rio da justi√ßa e seguran√ßa p√∫blica', 'id': '68810711'}, {'screen_name': 'andersongtorres', 'name': 'anderson torres', 'id': '1108101424699899904'}]	[]	[]	426	2808	12390	[]	[]	https://twitter.com/jairbolsonaro/status/1455840670590062593	False		1	https://pbs.twimg.com/ext_tw_video_thumb/1455840557918531587/pu/img/8zRvdM0ztwtgB4iq.jpg							[]				
1455639269758881798	1455638949909565440	2021-11-02 17:53:41 -03	2021-11-02	17:53:41	-0300	128372940	jairbolsonaro	Jair M. Bolsonaro		- O @govbr em menos de tr√™s anos j√° entregou mais t√≠tulos de propriedade de terra do que todos os governos somados desde o in√≠cio dos anos 2000. @secomvc	pt	[{'screen_name': 'govbr', 'name': 'governo do brasil', 'id': '861707648584085504'}, {'screen_name': 'secomvc', 'name': 'secomvc', 'id': '1158389772920020993'}]	[]	[]	162	1614	8733	[]	[]	https://twitter.com/jairbolsonaro/status/1455639269758881798	False		0								[]				
1455639143694970882	1455638949909565440	2021-11-02 17:53:10 -03	2021-11-02	17:53:10	-0300	128372940	jairbolsonaro	Jair M. Bolsonaro		- Desde o in√≠cio da gradativa do @Mapa_Brasil , a Ministra @terezacristinams prioriza a entrega de t√≠tulos e a integra√ß√£o das pol√≠ticas p√∫blicas. N√£o apenas entregando os t√≠tulos de terra, mas tamb√©m novas oportundidade de renda, qualidade de vida e liberdade. @Incra_oficial	pt	[{'screen_name': 'mapa_brasil', 'name': 'minist√©rio da agricultura', 'id': '2803613940'}, {'screen_name': 'incra_oficial', 'name': 'incra ascom', 'id': '90619222'}]	[]	[]	112	1181	7589	[]	[]	https://twitter.com/jairbolsonaro/status/1455639143694970882	False		0								[]				
1455638949909565440	1455638949909565440	2021-11-02 17:52:24 -03	2021-11-02	17:52:24	-0300	128372940	jairbolsonaro	Jair M. Bolsonaro		- Mais 300 fam√≠lias rurais de Nova Alvorada do Sul/MS poder√£o ter acesso a diversas pol√≠ticas p√∫blicas. Ontem (30), o @govbr entregou mais 126 t√≠tulos definitivos, 196 Contratos de Concess√£o de Uso, al√©m de 28 contratos de cr√©dito do Fomento Mulher (R$140 mil). @govbrazil  https://t.co/CVe1A8zmNQ	pt	[{'screen_name': 'govbr', 'name': 'governo do brasil', 'id': '861707648584085504'}, {'screen_name': 'govbrazil', 'name': 'government of brazil', 'id': '126397246'}]	[]	['https://pbs.twimg.com/media/FDN35kMXEAkRTFn.jpg']	423	3478	17161	[]	[]	https://twitter.com/jairbolsonaro/status/1455638949909565440	False		1	https://pbs.twimg.com/media/FDN35kMXEAkRTFn.jpg							[]				
1455630486261403657	1455451277912158211	2021-11-02 17:18:46 -03	2021-11-02	17:18:46	-0300	128372940	jairbolsonaro	Jair M. Bolsonaro		- Mais informa√ß√µes todos os dias atualizadas em nosso Telegram. Seja bem-vindo:  https://t.co/O8KTejUGuL  https://t.co/HMPTQium4M	pt	[]	['https://t.me/jairbolsonarobrasil']	['https://pbs.twimg.com/media/FDNwNLGWQAovzUq.jpg']	153	777	3724	[]	[]	https://twitter.com/jairbolsonaro/status/1455630486261403657	False		1	https://pbs.twimg.com/media/FDNwNLGWQAovzUq.jpg							[]				
1455524597034635279	1455524597034635279	2021-11-02 10:18:00 -03	2021-11-02	10:18:00	-0300	128372940	jairbolsonaro	Jair M. Bolsonaro		- Homenagem aos Militares Brasileiros mortos na It√°lia durante a segunda guerra mundial. - Her√≥is que tombaram, garantindo nossa liberdade enfrentando o nazismo e o fascismo. (02/11/2021) - No Monumento Votivo Militar Brasileiro.  https://t.co/wUKS3gHOSl	pt	[]	[]	['https://pbs.twimg.com/media/FDMP5VFWQAkScSo.jpg']	1588	5674	36410	[]	[]	https://twitter.com/jairbolsonaro/status/1455524597034635279	False		1	https://pbs.twimg.com/media/FDMP5VFWQAkScSo.jpg							[]				
1455451277912158211	1455451277912158211	2021-11-02 05:26:40 -03	2021-11-02	05:26:40	-0300	128372940	jairbolsonaro	Jair M. Bolsonaro		- As Pol√≠ticas P√∫blicas para a Cultura contemplam o povo brasileiro e n√£o as elites de outrora.  - Est√≠mulo ao talento de crian√ßas e jovens √© o caminho para uma constru√ß√£o de uma base s√≥lida na Cultura de uma Na√ß√£o.  @MTurismo @gilsonmachadont @CulturaGovBr @Caixa @mfriasoficial  https://t.co/xRL3NzdTGm	pt	[{'screen_name': 'mturismo', 'name': 'minist√©rio do turismo', 'id': '62891396'}, {'screen_name': 'gilsonmachadont', 'name': 'gilson machado neto', 'id': '842694640432242688'}, {'screen_name': 'culturagovbr', 'name': 'secretaria especial da cultura', 'id': '19301021'}, {'screen_name': 'caixa', 'name': 'caixa', 'id': '229191436'}, {'screen_name': 'mfriasoficial', 'name': 'mariofrias', 'id': '1213876635331465216'}]	[]	[]	717	3883	17190	[]	[]	https://twitter.com/jairbolsonaro/status/1455451277912158211	False		1	https://pbs.twimg.com/ext_tw_video_thumb/1455450561554309123/pu/img/XsOLXQSxVN4BTnQd.jpg							[]				
1455268832717717515	1455268448003559426	2021-11-01 17:21:41 -03	2021-11-01	17:21:41	-0300	128372940	jairbolsonaro	Jair M. Bolsonaro		@ppinvestimentos @MinEconomia @MInfraestrutura @MarthaSeillier @tarcisiogdf @B3_Oficial ü§ù, Ministro.	es	[]	[]	[]	52	177	3489	[]	[]	https://twitter.com/jairbolsonaro/status/1455268832717717515	False		0								[{'screen_name': 'ppinvestimentos', 'name': 'Programa de Parcerias de Investimentos', 'id': '775320812047958016'}, {'screen_name': 'MinEconomia', 'name': 'Minist√©rio da Economia', 'id': '216777909'}, {'screen_name': 'MInfraestrutura', 'name': 'Minist√©rio da Infraestrutura', 'id': '523331076'}, {'screen_name': 'MarthaSeillier', 'name': 'Martha Seillier', 'id': '922461192966365184'}, {'screen_name': 'tarcisiogdf', 'name': 'Tarc√≠sio Gomes de Freitas', 'id': '1078618844007157761'}, {'screen_name': 'B3_Oficial', 'name': 'B3', 'id': '74550038'}]				
1455265943073005576	1455265943073005576	2021-11-01 17:10:13 -03	2021-11-01	17:10:13	-0300	128372940	jairbolsonaro	Jair M. Bolsonaro		- Bas√≠lica de Santo Ant√≥nio / P√°dua (01/11/2021)  https://t.co/J9alKbuApe	und	[]	[]	[]	1559	4512	28899	[]	[]	https://twitter.com/jairbolsonaro/status/1455265943073005576	False		1	https://pbs.twimg.com/ext_tw_video_thumb/1455265804719726593/pu/img/c8j664MMKlJaj1Vo.jpg							[]				
1455189778324918276	1455189778324918276	2021-11-01 12:07:33 -03	2021-11-01	12:07:33	-0300	128372940	jairbolsonaro	Jair M. Bolsonaro		- Anguillara V√™neta -  It√°lia (01/11/2021)  https://t.co/e8aXpD1aIz	pt	[]	[]	[]	1168	4254	20413	[]	[]	https://twitter.com/jairbolsonaro/status/1455189778324918276	False		1	https://pbs.twimg.com/ext_tw_video_thumb/1455187246932537347/pu/img/MEvSYqx1hKFMjFqV.jpg							[]				
1455090785561493504	1455090471592681473	2021-11-01 05:34:12 -03	2021-11-01	05:34:12	-0300	128372940	jairbolsonaro	Jair M. Bolsonaro		- A previs√£o √© que seja instalada at√© o ano que vem, priorizando a pesquisa em sa√∫de global e a forma√ß√£o de novos profissionais na √°rea de doen√ßas infecciosas, pesquisas cl√≠nicas e desenvolvimento de imunizantes e ter√° cursos de mestrado, PhD e atualiza√ß√£o para profissionais.	pt	[]	[]	[]	343	2502	15578	[]	[]	https://twitter.com/jairbolsonaro/status/1455090785561493504	False		0								[]				
1455090471592681473	1455090471592681473	2021-11-01 05:32:57 -03	2021-11-01	05:32:57	-0300	128372940	jairbolsonaro	Jair M. Bolsonaro		- A instala√ß√£o da primeira unidade da Universidade de Oxford das Am√©ricas em territ√≥rio brasileiro √© resultado de uma parceria in√©dita entre o @govbr e a universidade brit√¢nica. A medida foi celebrada com a assinatura, nessa quarta-feira (27/10), de um termo de compromisso.	pt	[{'screen_name': 'govbr', 'name': 'governo do brasil', 'id': '861707648584085504'}]	[]	[]	1080	6749	33910	[]	[]	https://twitter.com/jairbolsonaro/status/1455090471592681473	False		0								[]				
1454916370643226630	1454914895447740418	2021-10-31 18:01:08 -03	2021-10-31	18:01:08	-0300	128372940	jairbolsonaro	Jair M. Bolsonaro		- Tenha acesso √†s informa√ß√µes citadas e muito mais a√ß√µes todos os dias em nosso canal no Telegram:  https://t.co/O8KTejUGuL  https://t.co/mjUFFY00wH	pt	[]	['https://t.me/jairbolsonarobrasil']	[]	221	1189	5649	[]	[]	https://twitter.com/jairbolsonaro/status/1454916370643226630	False		1	https://pbs.twimg.com/ext_tw_video_thumb/1454916331049033729/pu/img/EK5mKod-sYq7Gl2c.jpg							[]				
1454914895447740418	1454914895447740418	2021-10-31 17:55:16 -03	2021-10-31	17:55:16	-0300	128372940	jairbolsonaro	Jair M. Bolsonaro		- No G-20, uma conversa com o Diretor-Geral da OMS, Tedros Adhanon. . Link no YouTube:  https://t.co/UE9SSZnoaS   . Canal @CarlosBolsonaro	pt	[{'screen_name': 'carlosbolsonaro', 'name': 'carlos bolsonaro', 'id': '68712576'}]	['https://youtu.be/WG32AcGsaSQ']	[]	783	3011	13861	[]	[]	https://twitter.com/jairbolsonaro/status/1454914895447740418	False		0								[]				
1454845859640791041	1454845648801570822	2021-10-31 13:20:57 -03	2021-10-31	13:20:57	-0300	128372940	jairbolsonaro	Jair M. Bolsonaro		- üáßüá∑ü§ùüáÆüáπ  https://t.co/mSBRCO6rPs	und	[]	[]	[]	602	2844	14662	[]	[]	https://twitter.com/jairbolsonaro/status/1454845859640791041	False		1	https://pbs.twimg.com/ext_tw_video_thumb/1454845819119616002/pu/img/o9JUR9EmOd9zYd4m.jpg							[]				
1454845648801570822	1454845648801570822	2021-10-31 13:20:07 -03	2021-10-31	13:20:07	-0300	128372940	jairbolsonaro	Jair M. Bolsonaro		- Agrade√ßo imensamente a todos pela considera√ß√£o (Roma/It√°lia -31/10/2021)!  https://t.co/S2HmZh9kNU	pt	[]	[]	[]	1942	6336	31534	[]	[]	https://twitter.com/jairbolsonaro/status/1454845648801570822	False		1	https://pbs.twimg.com/ext_tw_video_thumb/1454845553200746516/pu/img/0tnw5WoCQv6-PUaS.jpg							[]				
1454818933069029379	1454818810041708545	2021-10-31 11:33:57 -03	2021-10-31	11:33:57	-0300	128372940	jairbolsonaro	Jair M. Bolsonaro		- Depois deste reservat√≥rio do v√≠deo, a √°gua seguir√° para a Barragem Cai√ßara, percorrer√° o canal inaugurado por n√≥s e chegar√° √† barragem Engenheiro Avidos.   - De l√°, ela percorrer√° o Rio Piranhas-A√ßu, chegando ao Rio Grande do Norte. @govbr @govbrazil @secomvc	pt	[{'screen_name': 'govbr', 'name': 'governo do brasil', 'id': '861707648584085504'}, {'screen_name': 'govbrazil', 'name': 'government of brazil', 'id': '126397246'}, {'screen_name': 'secomvc', 'name': 'secomvc', 'id': '1158389772920020993'}]	[]	[]	161	1452	8476	[]	[]	https://twitter.com/jairbolsonaro/status/1454818933069029379	False		0								[]				
1454818810041708545	1454818810041708545	2021-10-31 11:33:28 -03	2021-10-31	11:33:28	-0300	128372940	jairbolsonaro	Jair M. Bolsonaro		- A alegria dos paraibanos com a chegada das √°guas do Rio S√£o Francisco ao reservat√≥rio Boa Vista, banhando o sert√£o por meio do Eixo Norte da Transposi√ß√£o.   - Na √∫ltima quinta-feira, o @mdregional_br , @rogeriosmarinho , inaugurou o trecho final de canal ao nosso lado.  https://t.co/eEw6RYuooX	pt	[{'screen_name': 'mdregional_br', 'name': 'minist√©rio do desenvolvimento regional', 'id': '1004396762'}, {'screen_name': 'rogeriosmarinho', 'name': 'rog√©rio marinho', 'id': '52189996'}]	[]	[]	850	4897	23146	[]	[]	https://twitter.com/jairbolsonaro/status/1454818810041708545	False		1	https://pbs.twimg.com/ext_tw_video_thumb/1454818772733337602/pu/img/tdQeJ6eoXrLqXqJG.jpg							[]				
1454725695523987456	1454725695523987456	2021-10-31 05:23:27 -03	2021-10-31	05:23:27	-0300	128372940	jairbolsonaro	Jair M. Bolsonaro		- MINAS GERAIS: obras do terminal de passageiros do Aeroporto de Montes Claros est√£o na fase final. Ponto estrat√©gico de liga√ß√£o da ind√∫stria, servi√ßos e agropecu√°ria. O aeroporto tem papel primordial no desenvolvimento da cidade, integrando com v√°rias capitais e cidades do pa√≠s!  https://t.co/eyna8bJFok	pt	[]	[]	[]	442	3161	15493	[]	[]	https://twitter.com/jairbolsonaro/status/1454725695523987456	False		1	https://pbs.twimg.com/ext_tw_video_thumb/1454725623176470528/pu/img/x8eojv_aawZ1w3nI.jpg							[]				
1454699889879887873	1454182052086140931	2021-10-31 03:40:55 -03	2021-10-31	03:40:55	-0300	128372940	jairbolsonaro	Jair M. Bolsonaro		@govbrazil üáßüá∑	und	[]	[]	[]	87	189	2824	[]	[]	https://twitter.com/jairbolsonaro/status/1454699889879887873	False		0								[{'screen_name': 'govbrazil', 'name': 'Government of Brazil', 'id': '126397246'}]				
